,Left Leg,Right Leg,Inguinal,Mesenteric,Left Axillary,Right Axillary,Cervical,Blood,Spleen
Left Leg,0.0,0.0,229.543608827,0.0,0.0,0.0,0.0,7652.51319515,1.0
Right Leg,0.0,0.0,229.543608827,0.0,0.0,0.0,0.0,7652.51319515,1.0
Inguinal,229.543608827,229.543608827,0.0,414.850451499,0.0,0.0,0.0,10439.2281392,1.0
Mesenteric,0.0,0.0,414.850451499,0.0,452.467881933,452.467881933,0.0,421179.521076,1.0
Left Axillary,0.0,0.0,0.0,452.467881933,0.0,0.0,245.038990992,18303.9012675,1.0
Right Axillary,0.0,0.0,0.0,452.467881933,0.0,0.0,245.038990992,18303.9012675,1.0
Cervical,0.0,0.0,0.0,0.0,245.038990992,245.038990992,0.0,19198.7826913,1.0
Blood,7652.51319515,7652.51319515,10439.2281392,421179.521076,18303.9012675,18303.9012675,19198.7826913,0.0,10000000.0
Spleen,1.0,1.0,1.0,1.0,1.0,1.0,1.0,10000000.0,1.0
