,Left Leg,Right Leg,Inguinal,Mesenteric,Left Axillary,Right Axillary,Cervical,Blood,Spleen
Left Leg,0.0,0.0,47.4849178191,0.0,0.0,0.0,0.0,0.00032,1.0
Right Leg,0.0,0.0,47.4849178191,0.0,0.0,0.0,0.0,0.00032,1.0
Inguinal,47.4849178191,47.4849178191,0.0,322.500538902,0.0,0.0,0.0,0.00032,1.0
Mesenteric,0.0,0.0,322.500538902,0.0,326.258314386,326.258314386,0.0,0.00032,1.0
Left Axillary,0.0,0.0,0.0,326.258314386,0.0,0.0,70.998059123,0.00032,1.0
Right Axillary,0.0,0.0,0.0,326.258314386,0.0,0.0,70.998059123,0.00032,1.0
Cervical,0.0,0.0,0.0,0.0,70.998059123,70.998059123,0.0,0.00032,1.0
Blood,0.00032,0.00032,0.00032,0.00032,0.00032,0.00032,0.00032,0.0,1.0
Spleen,1.0,1.0,1.0,1.0,1.0,1.0,1.0,1.0,1.0
