,Left Leg,Right Leg,Inguinal,Mesenteric,Left Axillary,Right Axillary,Cervical,Blood,Spleen
Left Leg,0.0,0.0,47.4849479536,0.0,0.0,0.0,0.0,0.00032,1.0
Right Leg,0.0,0.0,47.4849479536,0.0,0.0,0.0,0.0,0.00032,1.0
Inguinal,47.4849479536,47.4849479536,0.0,322.500743565,0.0,0.0,0.0,0.00032,1.0
Mesenteric,0.0,0.0,322.500743565,0.0,326.258521433,326.258521433,0.0,0.00032,1.0
Left Axillary,0.0,0.0,0.0,326.258521433,0.0,0.0,70.9981041792,0.00032,1.0
Right Axillary,0.0,0.0,0.0,326.258521433,0.0,0.0,70.9981041792,0.00032,1.0
Cervical,0.0,0.0,0.0,0.0,70.9981041792,70.9981041792,0.0,0.00032,1.0
Blood,0.00032,0.00032,0.00032,0.00032,0.00032,0.00032,0.00032,0.0,1.0
Spleen,1.0,1.0,1.0,1.0,1.0,1.0,1.0,1.0,1.0
