,Left Leg,Right Leg,Inguinal,Mesenteric,Left Axillary,Right Axillary,Cervical,Blood,Spleen
Left Leg,0.0,0.0,47.4851707675,0.0,0.0,0.0,0.0,0.00032,1.0
Right Leg,0.0,0.0,47.4851707675,0.0,0.0,0.0,0.0,0.00032,1.0
Inguinal,47.4851707675,47.4851707675,0.0,322.502256838,0.0,0.0,0.0,0.00032,1.0
Mesenteric,0.0,0.0,322.502256838,0.0,326.260052339,326.260052339,0.0,0.00032,1.0
Left Axillary,0.0,0.0,0.0,326.260052339,0.0,0.0,70.9984373241,0.00032,1.0
Right Axillary,0.0,0.0,0.0,326.260052339,0.0,0.0,70.9984373241,0.00032,1.0
Cervical,0.0,0.0,0.0,0.0,70.9984373241,70.9984373241,0.0,0.00032,1.0
Blood,0.00032,0.00032,0.00032,0.00032,0.00032,0.00032,0.00032,0.0,1.0
Spleen,1.0,1.0,1.0,1.0,1.0,1.0,1.0,1.0,1.0
