,Left Leg,Right Leg,Inguinal,Mesenteric,Left Axillary,Right Axillary,Cervical,Blood,Spleen
Left Leg,0.0,0.0,47.485094974,0.0,0.0,0.0,0.0,0.00032,1.0
Right Leg,0.0,0.0,47.485094974,0.0,0.0,0.0,0.0,0.00032,1.0
Inguinal,47.485094974,47.485094974,0.0,322.501742075,0.0,0.0,0.0,0.00032,1.0
Mesenteric,0.0,0.0,322.501742075,0.0,326.259531578,326.259531578,0.0,0.00032,1.0
Left Axillary,0.0,0.0,0.0,326.259531578,0.0,0.0,70.9983239999,0.00032,1.0
Right Axillary,0.0,0.0,0.0,326.259531578,0.0,0.0,70.9983239999,0.00032,1.0
Cervical,0.0,0.0,0.0,0.0,70.9983239999,70.9983239999,0.0,0.00032,1.0
Blood,0.00032,0.00032,0.00032,0.00032,0.00032,0.00032,0.00032,0.0,1.0
Spleen,1.0,1.0,1.0,1.0,1.0,1.0,1.0,1.0,1.0
