Compartment,Volume
Left Leg,572.150519263202
Right Leg,572.150519263202
Inguinal,780.50303844438
Mesenteric,31490.0576505471
Left Axillary,1368.51598261433
Right Axillary,1368.51598261433
Cervical,1435.42300495661
Blood,2202.4
Spleen,1800.2
